section,News_title
us,Vivek Ramaswamy Stops TV Ad Spending
us,Michael Flynn’s Rhode Island Hall of Fame Inclusion Prompts Resignations
us,Appeals Court Reverses Conviction of Former Nebraska Congressman
us,2023: The Year in Visual Stories and Graphics.
us,"A Record-Breaking Warm, Snowless Winter Confounds Midwesterners"
us,"Laphonza Butler Just Got to the Senate, but She’s Not Planning to Stay Long"
us,The Covenant Parents Aren’t Going to Keep Quiet on Guns
us,Lawmakers With Disabled Children Find Common Ground in Divided Congress
us,A Once Despairing Sandwich Shop Owner Sees ‘a Miracle’
us,A New Tax on Imports and a Split From China: Trump’s 2025 Trade Agenda
us,Vivek Ramaswamy Stops TV Ad Spending
us,Michael Flynn’s Rhode Island Hall of Fame Inclusion Prompts Resignations
us,Appeals Court Reverses Conviction of Former Nebraska Congressman
us,2023: The Year in Visual Stories and Graphics.
us,"A Record-Breaking Warm, Snowless Winter Confounds Midwesterners"
us,"Laphonza Butler Just Got to the Senate, but She’s Not Planning to Stay Long"
us,The Covenant Parents Aren’t Going to Keep Quiet on Guns
us,Lawmakers With Disabled Children Find Common Ground in Divided Congress
us,A Once Despairing Sandwich Shop Owner Sees ‘a Miracle’
us,A New Tax on Imports and a Split From China: Trump’s 2025 Trade Agenda
us,U.S. Strikes Iran-Backed Groups in Iraq After Attack on Base Injures 3 Americans
us,Blizzard Conditions Disrupt Travel Across Northern and Central Plains
us,"In L.A. District Attorney Race, Rhetoric Shifts From Reform to Fear"
us,"Newly Flush With Cash, Nikki Haley Makes Her Move in Iowa. Is It Too Late?"
us,N.I.H.’s New Leader Wants to Broaden Participation in Medical Research
us,Who Are the Members of the Harvard Corporation?
us,Claudine Gay Turmoil Forces Harvard’s Secretive ‘Corporation’ Into Spotlight
us,What Went Wrong for Ron DeSantis in 2023
us,"For the Billionaire Who Has Everything, Consider an Island in the San Francisco Bay"
us,"In Campus Protests Over Gaza, Echoes of Outcry Over Vietnam"
us,Vivek Ramaswamy Stops TV Ad Spending
us,Michael Flynn’s Rhode Island Hall of Fame Inclusion Prompts Resignations
us,Appeals Court Reverses Conviction of Former Nebraska Congressman
us,2023: The Year in Visual Stories and Graphics.
us,"A Record-Breaking Warm, Snowless Winter Confounds Midwesterners"
us,"Laphonza Butler Just Got to the Senate, but She’s Not Planning to Stay Long"
us,The Covenant Parents Aren’t Going to Keep Quiet on Guns
us,Lawmakers With Disabled Children Find Common Ground in Divided Congress
us,A Once Despairing Sandwich Shop Owner Sees ‘a Miracle’
us,A New Tax on Imports and a Split From China: Trump’s 2025 Trade Agenda
us,U.S. Strikes Iran-Backed Groups in Iraq After Attack on Base Injures 3 Americans
us,Blizzard Conditions Disrupt Travel Across Northern and Central Plains
us,"In L.A. District Attorney Race, Rhetoric Shifts From Reform to Fear"
us,"Newly Flush With Cash, Nikki Haley Makes Her Move in Iowa. Is It Too Late?"
us,N.I.H.’s New Leader Wants to Broaden Participation in Medical Research
us,Who Are the Members of the Harvard Corporation?
us,Claudine Gay Turmoil Forces Harvard’s Secretive ‘Corporation’ Into Spotlight
us,What Went Wrong for Ron DeSantis in 2023
us,"For the Billionaire Who Has Everything, Consider an Island in the San Francisco Bay"
us,"In Campus Protests Over Gaza, Echoes of Outcry Over Vietnam"
us,Clarence Thomas’s Clerks: An ‘Extended Family’ With Reach and Power
us,Fact-Checking Trump’s Recent Immigration Claims
us,How Russian and Chinese Interference Could Affect the 2024 Election
us,Trump Asks Appeals Court to Toss Election Case on Immunity Grounds
us,Man With Developmental Disabilities Settles Wrongful Conviction Suit for $11.7 Million
us,Stories of Alleged Brutality by a Mississippi Sheriff’s Department
us,Any Other Politician Would Have Bowed Out. Trump? Not a Chance.
us,Houthi Militia in Yemen Presents a Special Challenge for U.S.
us,The Supreme Court Helped Trump’s Delay Strategy. By How Much Remains to Be Seen.
us,At What Point Should College Athletes Be Considered Employees?
world,"Lee Sun-kyun, ‘Parasite’ Actor, Dies at 48"
world,Wednesday Briefing
world,Ukraine’s Stolen Children
world,"Israel Will Not Soon End Its War With Hamas, Officials Say"
world,Satellite imagery shows Israel’s advance into central Gaza.
world,Wednesday Briefing: A Success and a Setback for Ukraine
world,A Natural Gas Project Is Biden’s Next Big Climate Test
world,Earth Was Due for Another Year of Record Warmth. But This Warm?
world,What to Do With a Bug Named Hitler?
world,Tuesday Briefing
world,"Lee Sun-kyun, ‘Parasite’ Actor, Dies at 48"
world,Wednesday Briefing
world,Ukraine’s Stolen Children
world,"Israel Will Not Soon End Its War With Hamas, Officials Say"
world,Satellite imagery shows Israel’s advance into central Gaza.
world,Wednesday Briefing: A Success and a Setback for Ukraine
world,A Natural Gas Project Is Biden’s Next Big Climate Test
world,Earth Was Due for Another Year of Record Warmth. But This Warm?
world,What to Do With a Bug Named Hitler?
world,Tuesday Briefing
world,U.S. Strikes Iran-Backed Groups in Iraq After Attack on Base Injures 3 Americans
world,"Iran Accuses Israel of Killing Sayyed Mousavi, a Military Official"
world,Tuesday Briefing: Netanyahu Visits Gaza
world,"Ukraine Says It Downed 5 Russian Planes, as Moscow Claims It Seized a Town"
world,Russia Sees a Western Hand Behind Serbian Street Protests
world,Gazans Search for Survivors After Deadly Attack
world,Pope Laments ‘Appalling’ Loss of Life in War in Gaza
world,Netanyahu Visits Gaza as Palestinians Mourn an Attack That Officials Say Killed Dozens
world,"Aleksei Navalny Found in Remote Arctic Prison, Easing Fears Over His Safety"
world,Israel’s Economy Expected to Shrink 2% as War Sidelines Workers
world,"Lee Sun-kyun, ‘Parasite’ Actor, Dies at 48"
world,Wednesday Briefing
world,Ukraine’s Stolen Children
world,"Israel Will Not Soon End Its War With Hamas, Officials Say"
world,Satellite imagery shows Israel’s advance into central Gaza.
world,Wednesday Briefing: A Success and a Setback for Ukraine
world,A Natural Gas Project Is Biden’s Next Big Climate Test
world,Earth Was Due for Another Year of Record Warmth. But This Warm?
world,What to Do With a Bug Named Hitler?
world,Tuesday Briefing
world,U.S. Strikes Iran-Backed Groups in Iraq After Attack on Base Injures 3 Americans
world,"Iran Accuses Israel of Killing Sayyed Mousavi, a Military Official"
world,Tuesday Briefing: Netanyahu Visits Gaza
world,"Ukraine Says It Downed 5 Russian Planes, as Moscow Claims It Seized a Town"
world,Russia Sees a Western Hand Behind Serbian Street Protests
world,Gazans Search for Survivors After Deadly Attack
world,Pope Laments ‘Appalling’ Loss of Life in War in Gaza
world,Netanyahu Visits Gaza as Palestinians Mourn an Attack That Officials Say Killed Dozens
world,"Aleksei Navalny Found in Remote Arctic Prison, Easing Fears Over His Safety"
world,Israel’s Economy Expected to Shrink 2% as War Sidelines Workers
world,"Strikes Kill Dozens in Central Gaza, Local Health Officials Say"
world,Israel Says It Is Intensifying Its Campaign Against Hamas
world,A Special Christmas Briefing
world,‘We have nothing to keep us warm and dry.’ Winter adds to the misery in Gaza.
world,Manchester United Sells 25 Percent Ownership Stake to Jim Ratcliffe
world,Civilian Deaths in Custody Fuel Anger and Questions in Kashmir
world,How to Create a Black Hole Out of Thin Air
world,An Abandoned Cemetery Highlights a Painful Colonial Episode for France
world,"He Was Ready to Die, but Not to Surrender"
world,Israel Relies on Combat Dogs in Gaza Strip
business,Will China Ease Its New Video Game Controls? Investors Think So.
business,Tesla Strike Is a Culture Clash: Swedish Labor vs. American Management
business,Serious Medical Errors Rose After Private Equity Firms Bought Hospitals
business,A Look Back at the Top Business Stories of 2023
business,How to Take the Whole Family Skiing Without Going Broke
business,This QVC Host Can Help You Sell Yourself
business,This N.Y.U. Student Owns a $6 Million Crypto Mine. His Secret Is Out.
business,"Suit Against Twitter Over Unpaid Bonuses Can Proceed, Judge Rules"
business,Claudine Gay Turmoil Forces Harvard’s Secretive ‘Corporation’ Into Spotlight
business,When Social Security Becomes a Debt Collector
business,Will China Ease Its New Video Game Controls? Investors Think So.
business,Tesla Strike Is a Culture Clash: Swedish Labor vs. American Management
business,Serious Medical Errors Rose After Private Equity Firms Bought Hospitals
business,A Look Back at the Top Business Stories of 2023
business,How to Take the Whole Family Skiing Without Going Broke
business,This QVC Host Can Help You Sell Yourself
business,This N.Y.U. Student Owns a $6 Million Crypto Mine. His Secret Is Out.
business,"Suit Against Twitter Over Unpaid Bonuses Can Proceed, Judge Rules"
business,Claudine Gay Turmoil Forces Harvard’s Secretive ‘Corporation’ Into Spotlight
business,When Social Security Becomes a Debt Collector
business,Slow Rollout of National Charging System Could Hinder E.V. Adoption
business,Substack Says It Will Not Ban Nazis or Extremist Speech
business,Washington Post Reaches a Contract Deal With Its Newsroom Union
business,"Bristol Myers to Acquire Karuna, a Neuroscience Drugmaker, for $14 Billion"
business,"Irwin Cohen, Who Turned a Factory Into Chelsea Market, Dies at 90"
business,America’s Truckers Face a Chronic Headache: Finding Parking
business,The Big Number: $12 Billion
business,Price Increases Cooled in November as Inflation Falls Toward Fed Target
business,The Eye-Popping Numbers Driving the Markets
business,"BYD, a Chinese Powerhouse in Electric Cars, Will Build a Plant in Hungary"
business,Will China Ease Its New Video Game Controls? Investors Think So.
business,Tesla Strike Is a Culture Clash: Swedish Labor vs. American Management
business,Serious Medical Errors Rose After Private Equity Firms Bought Hospitals
business,A Look Back at the Top Business Stories of 2023
business,How to Take the Whole Family Skiing Without Going Broke
business,This QVC Host Can Help You Sell Yourself
business,This N.Y.U. Student Owns a $6 Million Crypto Mine. His Secret Is Out.
business,"Suit Against Twitter Over Unpaid Bonuses Can Proceed, Judge Rules"
business,Claudine Gay Turmoil Forces Harvard’s Secretive ‘Corporation’ Into Spotlight
business,When Social Security Becomes a Debt Collector
business,Slow Rollout of National Charging System Could Hinder E.V. Adoption
business,Substack Says It Will Not Ban Nazis or Extremist Speech
business,Washington Post Reaches a Contract Deal With Its Newsroom Union
business,"Bristol Myers to Acquire Karuna, a Neuroscience Drugmaker, for $14 Billion"
business,"Irwin Cohen, Who Turned a Factory Into Chelsea Market, Dies at 90"
business,America’s Truckers Face a Chronic Headache: Finding Parking
business,The Big Number: $12 Billion
business,Price Increases Cooled in November as Inflation Falls Toward Fed Target
business,The Eye-Popping Numbers Driving the Markets
business,"BYD, a Chinese Powerhouse in Electric Cars, Will Build a Plant in Hungary"
business,U.S. to Clamp Down on Financial Firms That Help Russia Buy Military Supplies
business,Apple’s Newest Headache: An App That Upended Its Control Over Messaging
business,When You Can’t Give Your Boss a Timeout
business,No Oversight: Inside a Boom-Time Start-Up Fraud and Its Unraveling
business,China Unveils New Limits on Online Video Games
business,U.S. Prepares to Lift Ban on Sales of Offensive Weapons to Saudi Arabia
business,"Robert M. Solow, Groundbreaking Economist and Nobelist, Dies at 99"
business,Rite Aid’s A.I. Facial Recognition Wrongly Tagged People of Color as Shoplifters
business,Whole Foods Wins Case About Black Lives Matter Apparel
business,Why Do People File for Bankruptcy?
arts,"Lee Sun-kyun, ‘Parasite’ Actor, Dies at 48"
arts,"‘Fargo’ Season 5, Episode 7: Not Your Puppet"
arts,Ye Apologizes for Antisemitic Comments With Post in Hebrew
arts,When Design Stars (and Brothers) Collide
arts,"Blasts From the Past: 12 Key Collections, From Julee Cruise to the Who"
arts,Review: This ‘Night of the Iguana’ Is Williams Without the Excess
arts,"Amp Fiddler, Versatile Keyboardist, Singer and Mentor, Dies at 65"
arts,‘Down in the Delta’ at 25: When Maya Angelou Considered Reverse Migration
arts,‘Rose’ Review: My Sister’s Keeper
arts,2023 in Retrospect: 59 Photographs That Defined the Year in Arts
arts,"Lee Sun-kyun, ‘Parasite’ Actor, Dies at 48"
arts,"‘Fargo’ Season 5, Episode 7: Not Your Puppet"
arts,Ye Apologizes for Antisemitic Comments With Post in Hebrew
arts,When Design Stars (and Brothers) Collide
arts,"Blasts From the Past: 12 Key Collections, From Julee Cruise to the Who"
arts,Review: This ‘Night of the Iguana’ Is Williams Without the Excess
arts,"Amp Fiddler, Versatile Keyboardist, Singer and Mentor, Dies at 65"
arts,‘Down in the Delta’ at 25: When Maya Angelou Considered Reverse Migration
arts,‘Rose’ Review: My Sister’s Keeper
arts,2023 in Retrospect: 59 Photographs That Defined the Year in Arts
arts,What if Dance Could Save the World?
arts,"Sondheim Was a Critical Darling. Since His Death, He’s a Hitmaker, Too."
arts,‘The Crown’ and What the U.K. Royal Family Would Like Us to Forget
arts,"Kamar de los Reyes, ‘One Life to Live’ Actor, Dies at 56"
arts,"2023 Box Office Lessons: Audiences Sought Comfort, Skipped Spectacle"
arts,"Beyond Bollywood’s Glitz, a Subtler Indian Cinema Embraces New Stories"
arts,What’s on TV This Week: New Year’s Eve Specials and ‘Time Bomb Y2K’
arts,"Mildred Miller, Stalwart of the Metropolitan Opera, Dies at 98"
arts,Red Carpets Roar Back
arts,‘The Crime is Mine’ Review: Courtroom Tango
arts,"Lee Sun-kyun, ‘Parasite’ Actor, Dies at 48"
arts,"‘Fargo’ Season 5, Episode 7: Not Your Puppet"
arts,Ye Apologizes for Antisemitic Comments With Post in Hebrew
arts,When Design Stars (and Brothers) Collide
arts,"Blasts From the Past: 12 Key Collections, From Julee Cruise to the Who"
arts,Review: This ‘Night of the Iguana’ Is Williams Without the Excess
arts,"Amp Fiddler, Versatile Keyboardist, Singer and Mentor, Dies at 65"
arts,‘Down in the Delta’ at 25: When Maya Angelou Considered Reverse Migration
arts,‘Rose’ Review: My Sister’s Keeper
arts,2023 in Retrospect: 59 Photographs That Defined the Year in Arts
arts,What if Dance Could Save the World?
arts,"Sondheim Was a Critical Darling. Since His Death, He’s a Hitmaker, Too."
arts,‘The Crown’ and What the U.K. Royal Family Would Like Us to Forget
arts,"Kamar de los Reyes, ‘One Life to Live’ Actor, Dies at 56"
arts,"2023 Box Office Lessons: Audiences Sought Comfort, Skipped Spectacle"
arts,"Beyond Bollywood’s Glitz, a Subtler Indian Cinema Embraces New Stories"
arts,What’s on TV This Week: New Year’s Eve Specials and ‘Time Bomb Y2K’
arts,"Mildred Miller, Stalwart of the Metropolitan Opera, Dies at 98"
arts,Red Carpets Roar Back
arts,‘The Crime is Mine’ Review: Courtroom Tango
arts,‘The Teachers’ Lounge’ Review: A Whole Civilization in the Classroom
arts,"Laura Lynch, a Founder of the Dixie Chicks, Dies at 65"
arts,"Carlos Lyra, Composer Who Brought Finesse to Bossa Nova, Dies at 90"
arts,"Giovanni Anselmo, a Leader of the Arte Povera Movement, Dies at 89"
arts,Opera and Classical Music to Experience in Europe This Winter
arts,Are These Topics Too Adult for the Youngest Readers? Take a Look.
arts,"Taylor Swift, Beyoncé and the Sphere: The Year in Live Music"
arts,Can You Find These 12 Hidden Holiday Books?
arts,Just How Formulaic Are Hallmark and Lifetime Holiday Movies? We (Over)analyzed 424 of Them.
arts,Leo Reich Likes Nothing Better Than a Movie Where Nothing Happens
lifestyle,Clever Recipes for Your Kitchen Toys
lifestyle,Japanese American New Year’s Food Traditions Transcend Time
lifestyle,Cheap and Cozy One-Pot Soups Because the Holidays Wore Us Out
lifestyle,9 Predictions for How We’ll Eat in 2024
lifestyle,Sixpoint Brewery Celebrates 20 Years With a Manhattan Taproom
lifestyle,Live Out Your Chalet Fantasies With These Fondue Pop-Ups
lifestyle,How to Take the Whole Family Skiing Without Going Broke
lifestyle,I Just Arrived in London. Can I Come to Dinner?
lifestyle,Considering Dry January? Set Yourself Up for Success.
lifestyle,Simply Having a Wonderful Christmas Ham and Cheese Slider
lifestyle,Clever Recipes for Your Kitchen Toys
lifestyle,Japanese American New Year’s Food Traditions Transcend Time
lifestyle,Cheap and Cozy One-Pot Soups Because the Holidays Wore Us Out
lifestyle,9 Predictions for How We’ll Eat in 2024
lifestyle,Sixpoint Brewery Celebrates 20 Years With a Manhattan Taproom
lifestyle,Live Out Your Chalet Fantasies With These Fondue Pop-Ups
lifestyle,How to Take the Whole Family Skiing Without Going Broke
lifestyle,I Just Arrived in London. Can I Come to Dinner?
lifestyle,Considering Dry January? Set Yourself Up for Success.
lifestyle,Simply Having a Wonderful Christmas Ham and Cheese Slider
lifestyle,Have You Witnessed an Act of Kindness While Traveling? Share It With Us.
lifestyle,"Eleuthera Offers a Rugged, Out-Island Experience That Lingers"
lifestyle,"Easy No-Yeast Cinnamon Rolls, a Gift to Whoever’s in Charge of Breakfast"
lifestyle,A Merry and Bright Cheesy Spinach Breakfast Casserole
lifestyle,"What to See, Eat and Buy in Tangier, Morocco’s Cultural Magnet"
lifestyle,A Cannoli Recipe That’ll Bring Sicily to You
lifestyle,F.D.A. Seizes Thousands of Units of Counterfeit Ozempic
lifestyle,"Brown Stew Pork Shoulder, Prime Rib and Slow-Cooker Sticky Toffee Pudding"
lifestyle,Test Your Holiday Food IQ
lifestyle,5 Health Lessons We Learned in 2023
lifestyle,Clever Recipes for Your Kitchen Toys
lifestyle,Japanese American New Year’s Food Traditions Transcend Time
lifestyle,Cheap and Cozy One-Pot Soups Because the Holidays Wore Us Out
lifestyle,9 Predictions for How We’ll Eat in 2024
lifestyle,Sixpoint Brewery Celebrates 20 Years With a Manhattan Taproom
lifestyle,Live Out Your Chalet Fantasies With These Fondue Pop-Ups
lifestyle,How to Take the Whole Family Skiing Without Going Broke
lifestyle,I Just Arrived in London. Can I Come to Dinner?
lifestyle,Considering Dry January? Set Yourself Up for Success.
lifestyle,Simply Having a Wonderful Christmas Ham and Cheese Slider
lifestyle,Have You Witnessed an Act of Kindness While Traveling? Share It With Us.
lifestyle,"Eleuthera Offers a Rugged, Out-Island Experience That Lingers"
lifestyle,"Easy No-Yeast Cinnamon Rolls, a Gift to Whoever’s in Charge of Breakfast"
lifestyle,A Merry and Bright Cheesy Spinach Breakfast Casserole
lifestyle,"What to See, Eat and Buy in Tangier, Morocco’s Cultural Magnet"
lifestyle,A Cannoli Recipe That’ll Bring Sicily to You
lifestyle,F.D.A. Seizes Thousands of Units of Counterfeit Ozempic
lifestyle,"Brown Stew Pork Shoulder, Prime Rib and Slow-Cooker Sticky Toffee Pudding"
lifestyle,Test Your Holiday Food IQ
lifestyle,5 Health Lessons We Learned in 2023
lifestyle,How to Survive Long-Haul Flights
lifestyle,Caviar Doesn’t Have to Cost a Fortune
lifestyle,Feeding a Crowd on Christmas Morning
lifestyle,N.Y. Health Dept. Is Looking Into Bellevue’s Weight-Loss Surgery Program
lifestyle,Teens in Search of Birth Control Have Embraced the Hormonal Implant
lifestyle,A Whole Roasted Squash With Tomato-Ginger Chickpeas for a Fuss-Free Feast
lifestyle,Channel Tunnel Reopens After Surprise Strike by Railway Workers Ends
lifestyle,T Magazine’s Favorite Homes of 2023
lifestyle,Southwest Airlines Reaches Deal With Pilots Union
lifestyle,"In Marrakesh, a Family-Style Dinner in a Secret Garden"
opinion,The Free Speech Debate on Campus About the Israel-Gaza War
opinion,How Trump Is Running Differently This Time
opinion,How to Boost Voter Turnout With Just One Signature
opinion,A Trump Conviction Could Cost Him Enough Voters to Tip the Election
opinion,"This Year, Make a Resolution About Something Bigger Than Yourself"
opinion,Knitting Helps Us Embrace Life’s Messy Imperfections
opinion,A.I. Is the Future of Photography. Does That Mean Photography Is Dead?
opinion,Billionaire-Built Cities Would Be Better Than Nothing
opinion,Visible Mending
opinion,The Controversy Over Tongue Surgery for Infants
opinion,The Free Speech Debate on Campus About the Israel-Gaza War
opinion,How Trump Is Running Differently This Time
opinion,How to Boost Voter Turnout With Just One Signature
opinion,A Trump Conviction Could Cost Him Enough Voters to Tip the Election
opinion,"This Year, Make a Resolution About Something Bigger Than Yourself"
opinion,Knitting Helps Us Embrace Life’s Messy Imperfections
opinion,A.I. Is the Future of Photography. Does That Mean Photography Is Dead?
opinion,Billionaire-Built Cities Would Be Better Than Nothing
opinion,Visible Mending
opinion,The Controversy Over Tongue Surgery for Infants
opinion,In the Shelter of a Weeping Beech
opinion,Diplomacy Is Best Conducted at the Dinner Table
opinion,"The Polar Explorer, and Scammer, Who Should Be an American Hero"
opinion,Why the World Needs Its Own Immune System
opinion,Why Arguing Is My Cherished Holiday Tradition
opinion,Can Hope Ever Be a Form of Medicine?
opinion,A Fight at Columbia’s School of Social Work
opinion,This Is Why Jesus Wept
opinion,There’s Not Just One Way to Be Japanese
opinion,Let’s Rescue Book Lovers From This Online Hellscape
opinion,The Free Speech Debate on Campus About the Israel-Gaza War
opinion,How Trump Is Running Differently This Time
opinion,How to Boost Voter Turnout With Just One Signature
opinion,A Trump Conviction Could Cost Him Enough Voters to Tip the Election
opinion,"This Year, Make a Resolution About Something Bigger Than Yourself"
opinion,Knitting Helps Us Embrace Life’s Messy Imperfections
opinion,A.I. Is the Future of Photography. Does That Mean Photography Is Dead?
opinion,Billionaire-Built Cities Would Be Better Than Nothing
opinion,Visible Mending
opinion,The Controversy Over Tongue Surgery for Infants
opinion,In the Shelter of a Weeping Beech
opinion,Diplomacy Is Best Conducted at the Dinner Table
opinion,"The Polar Explorer, and Scammer, Who Should Be an American Hero"
opinion,Why the World Needs Its Own Immune System
opinion,Why Arguing Is My Cherished Holiday Tradition
opinion,Can Hope Ever Be a Form of Medicine?
opinion,A Fight at Columbia’s School of Social Work
opinion,This Is Why Jesus Wept
opinion,There’s Not Just One Way to Be Japanese
opinion,Let’s Rescue Book Lovers From This Online Hellscape
opinion,I Am Gaza City’s Mayor. Our Lives and Culture Are in Rubble.
opinion,Proust Had Madeleines. I Have McNuggets.
opinion,We’re Thinking About Pain All Wrong
opinion,I Used to Write Jokes About How Parenting Is Terrible. Then I Had My Daughter.
opinion,‘Fairytale of New York’ Isn’t Like Any Other Christmas Song
opinion,The Supreme Court’s Big Trump Test Is Here
opinion,The Anti-Democratic Quest to Save Democracy From Trump
opinion,"The Church, Living in Christmas Past"
opinion,"It’s Christmas, and England’s Priests Have Had Enough"
opinion,The Best Movie About Israel and Gaza Now Came Out 18 Years Ago
podcasts,It Wouldn’t Be Make-Believe if You’d Believe in Me
podcasts,"Israel’s Destructive Bombs, and DeSantis’s Costly Ground Game"
podcasts,"Gaza Talks Stall, and a Record Wrongful Sentence"
podcasts,Special Episode: Yousef’s Week
podcasts,"Transcript: Ezra Klein on Gaza, A.I. and the 2024 Elections"
podcasts,The Ultimate Holiday Party Survival Guide
podcasts,"An Explosive Trump Ruling, and a Chaotic Congo Election"
podcasts,"Biden’s Rating Dips on Gaza, and Marvel Drops Actor"
podcasts,Beyoncé’s ‘Renaissance’ Movie Shows All the Work
podcasts,Can Rap Bridge Its Generation Gap?
podcasts,It Wouldn’t Be Make-Believe if You’d Believe in Me
podcasts,"Israel’s Destructive Bombs, and DeSantis’s Costly Ground Game"
podcasts,"Gaza Talks Stall, and a Record Wrongful Sentence"
podcasts,Special Episode: Yousef’s Week
podcasts,"Transcript: Ezra Klein on Gaza, A.I. and the 2024 Elections"
podcasts,The Ultimate Holiday Party Survival Guide
podcasts,"An Explosive Trump Ruling, and a Chaotic Congo Election"
podcasts,"Biden’s Rating Dips on Gaza, and Marvel Drops Actor"
podcasts,Beyoncé’s ‘Renaissance’ Movie Shows All the Work
podcasts,Can Rap Bridge Its Generation Gap?
podcasts,"Mailbag: The Beatles, Taylor Swift and More"
podcasts,What Is Going On With the Grammy Nominations?
podcasts,Is the Pop Music Machine Stuck in Place?
podcasts,"Taylor Swift’s Eras Tour Movie, Plus Bad Bunny Returns"
podcasts,Drake’s New Album Courts New Enemies
podcasts,Maren Morris: The Popcast (Deluxe) Interview
podcasts,"Doja Cat’s Rap Renaissance, Plus Taylor Swift & Travis Kelce"
podcasts,"Ice Spice’s Munchkin Drink, Plus Jann Wenner Backlash"
podcasts,Olivia Rodrigo’s ‘Guts’
podcasts,"‘Bottoms,’ ‘Hard Knocks’ and Uncovering Rap History"
podcasts,It Wouldn’t Be Make-Believe if You’d Believe in Me
podcasts,"Israel’s Destructive Bombs, and DeSantis’s Costly Ground Game"
podcasts,"Gaza Talks Stall, and a Record Wrongful Sentence"
podcasts,Special Episode: Yousef’s Week
podcasts,"Transcript: Ezra Klein on Gaza, A.I. and the 2024 Elections"
podcasts,The Ultimate Holiday Party Survival Guide
podcasts,"An Explosive Trump Ruling, and a Chaotic Congo Election"
podcasts,"Biden’s Rating Dips on Gaza, and Marvel Drops Actor"
podcasts,Beyoncé’s ‘Renaissance’ Movie Shows All the Work
podcasts,Can Rap Bridge Its Generation Gap?
podcasts,"Mailbag: The Beatles, Taylor Swift and More"
podcasts,What Is Going On With the Grammy Nominations?
podcasts,Is the Pop Music Machine Stuck in Place?
podcasts,"Taylor Swift’s Eras Tour Movie, Plus Bad Bunny Returns"
podcasts,Drake’s New Album Courts New Enemies
podcasts,Maren Morris: The Popcast (Deluxe) Interview
podcasts,"Doja Cat’s Rap Renaissance, Plus Taylor Swift & Travis Kelce"
podcasts,"Ice Spice’s Munchkin Drink, Plus Jann Wenner Backlash"
podcasts,Olivia Rodrigo’s ‘Guts’
podcasts,"‘Bottoms,’ ‘Hard Knocks’ and Uncovering Rap History"
podcasts,"Mailbag: Selena Gomez, BTS, and Doja Cat"
podcasts,"A Shocking No. 1 Hit, and Addison Rae’s New EP"
podcasts,Does the Song of the Summer Exist?
podcasts,"Lizzo, Travis Scott, and the Limits of Persona"
podcasts,Our Favorite Albums of the Year
podcasts,"‘Barbie,’ Jason Aldean’s Culture Wars, and Drake’s Tour"
podcasts,"Fans Misbehaving at Concerts, and Pinkydoll’s NPC TikTok"
podcasts,Britney Spears’s Wembanyama Run-In and Taylor Swift’s Revised ‘Revenge’
podcasts,"Olivia Rodrigo Returns, Fall Out Boy Denies History"
podcasts,Kim Petras’s New LP and Jennifer Lawrence’s Return
